{
  "view/View1.view.xml": 1628001333776,
  "controller/View1.controller.js": 1628000920109,
  "model/models.js": 1628000920113,
  "manifest.json": 1628001488159,
  "Component.js": 1628000920109,
  "manifest-bundle.zip": 1628001487766,
  "Component-preload.js": 1628001488108,
  "model/models-dbg.js": 1628000920113,
  "controller/View1-dbg.controller.js": 1628000920109,
  "Component-dbg.js": 1628000920109,
  "resources.json": 1628001488162,
  "i18n/i18n.properties": 1628000920113,
  "css/style.css": 1628000920109,
  "index.html": 1628000920109
}